"bins","scores","probability","scenario"
"(0,1]",1,1,"SSP1-1.9"
"(0,1]",1,1,"SSP1-2.6"
"(0,1]",1,1,"SSP2-4.5"
"(0,1]",1,1,"SSP3-7.0"
"(0,1]",0.986761484888124,0.986761484888124,"SSP5-8.5"
"(1,1.5]",0.0132385151118756,0.0132385151118756,"SSP5-8.5"
